<?xml version="1.0" encoding="UTF-8"?>
<project xmlns="http://maven.apache.org/POM/4.0.0" xmlns:xsi="http://www.w3.org/2001/XMLSchema-instance" xsi:schemaLocation="http://maven.apache.org/POM/4.0.0 http://maven.apache.org/maven-v4_0_0.xsd">
  <modelVersion>4.0.0</modelVersion>
  <groupId>com.javajunkies.shmup</groupId>
  <artifactId>shmup</artifactId>
  <name>shmup</name>
  <version>1.0-SNAPSHOT</version>
  <url>https://git.app.uib.no/javajunkies/shmup</url>
  <build>
    <resources>
      <resource>
        <directory>src/assets</directory>
      </resource>
    </resources>
    <pluginManagement>
      <plugins>
        <plugin>
          <artifactId>maven-clean-plugin</artifactId>
          <version>3.1.0</version>
        </plugin>
        <plugin>
          <artifactId>maven-site-plugin</artifactId>
          <version>3.11.0</version>
        </plugin>
        <plugin>
          <artifactId>maven-project-info-reports-plugin</artifactId>
          <version>3.2.2</version>
        </plugin>
        <plugin>
          <artifactId>maven-resources-plugin</artifactId>
          <version>3.2.0</version>
        </plugin>
        <plugin>
          <artifactId>maven-compiler-plugin</artifactId>
          <version>3.10.1</version>
        </plugin>
        <plugin>
          <artifactId>maven-surefire-plugin</artifactId>
          <version>3.0.0-M5</version>
          <configuration>
            <useModulePath>false</useModulePath>
            <argLine />
          </configuration>
        </plugin>
        <plugin>
          <artifactId>maven-jar-plugin</artifactId>
          <version>3.2.2</version>
        </plugin>
        <plugin>
          <artifactId>maven-install-plugin</artifactId>
          <version>3.0.0-M1</version>
        </plugin>
        <plugin>
          <artifactId>maven-deploy-plugin</artifactId>
          <version>3.0.0-M2</version>
        </plugin>
        <plugin>
          <groupId>org.codehaus.mojo</groupId>
          <artifactId>exec-maven-plugin</artifactId>
          <version>3.0.0</version>
        </plugin>
      </plugins>
    </pluginManagement>
    <plugins>
      <plugin>
        <groupId>org.codehaus.mojo</groupId>
        <artifactId>exec-maven-plugin</artifactId>
        <configuration>
          <mainClass>${main.class}</mainClass>
          <arguments />
        </configuration>
      </plugin>
      <plugin>
        <artifactId>maven-shade-plugin</artifactId>
        <version>3.3.0</version>
        <executions>
          <execution>
            <phase>package</phase>
            <goals>
              <goal>shade</goal>
            </goals>
            <configuration>
              <transformers>
                <transformer>
                  <manifestEntries>
                    <Main-Class>${main.class}</Main-Class>
                  </manifestEntries>
                </transformer>
                <transformer />
              </transformers>
              <artifactSet />
              <outputFile>${project.build.directory}/${project.artifactId}-${project.version}-fat.jar</outputFile>
            </configuration>
          </execution>
        </executions>
      </plugin>
      <plugin>
        <artifactId>maven-enforcer-plugin</artifactId>
        <version>3.2.1</version>
        <executions>
          <execution>
            <id>enforce-maven</id>
            <goals>
              <goal>enforce</goal>
            </goals>
            <configuration>
              <rules>
                <requireMavenVersion>
                  <version>3.3.1</version>
                </requireMavenVersion>
              </rules>
            </configuration>
          </execution>
        </executions>
      </plugin>
      <plugin>
        <groupId>org.jacoco</groupId>
        <artifactId>jacoco-maven-plugin</artifactId>
        <version>0.8.8</version>
        <executions>
          <execution>
            <id>default-prepare-agent</id>
            <goals>
              <goal>prepare-agent</goal>
            </goals>
          </execution>
          <execution>
            <id>default-report</id>
            <phase>test</phase>
            <goals>
              <goal>report</goal>
            </goals>
          </execution>
        </executions>
      </plugin>
    </plugins>
  </build>
  <profiles>
    <profile>
      <id>inf112-macosx</id>
      <dependencies>
        <dependency>
          <groupId>com.badlogicgames.gdx</groupId>
          <artifactId>gdx-lwjgl3-glfw-awt-macos</artifactId>
          <version>${libgdx.version}</version>
        </dependency>
        <dependency>
          <groupId>org.mockito</groupId>
          <artifactId>mockito-core</artifactId>
          <version>5.3.1</version>
          <scope>test</scope>
        </dependency>
        <dependency>
          <groupId>com.badlogicgames.gdx</groupId>
          <artifactId>gdx-backend-headless</artifactId>
          <version>1.11.0</version>
          <scope>test</scope>
        </dependency>
      </dependencies>
    </profile>
  </profiles>
  <repositories>
    <repository>
      <releases>
        <enabled>false</enabled>
      </releases>
      <snapshots />
      <id>sonatype-snapshots</id>
      <url>https://oss.sonatype.org/content/repositories/snapshots</url>
    </repository>
    <repository>
      <id>jitpack.io</id>
      <url>https://jitpack.io</url>
    </repository>
  </repositories>
  <dependencies>
    <dependency>
      <groupId>org.junit.jupiter</groupId>
      <artifactId>junit-jupiter</artifactId>
      <version>5.9.2</version>
      <scope>test</scope>
      <exclusions>
        <exclusion>
          <artifactId>junit-jupiter-api</artifactId>
          <groupId>org.junit.jupiter</groupId>
        </exclusion>
        <exclusion>
          <artifactId>junit-jupiter-params</artifactId>
          <groupId>org.junit.jupiter</groupId>
        </exclusion>
        <exclusion>
          <artifactId>junit-jupiter-engine</artifactId>
          <groupId>org.junit.jupiter</groupId>
        </exclusion>
      </exclusions>
    </dependency>
    <dependency>
      <groupId>org.mockito</groupId>
      <artifactId>mockito-core</artifactId>
      <version>5.3.1</version>
      <scope>test</scope>
      <exclusions>
        <exclusion>
          <artifactId>byte-buddy</artifactId>
          <groupId>net.bytebuddy</groupId>
        </exclusion>
        <exclusion>
          <artifactId>byte-buddy-agent</artifactId>
          <groupId>net.bytebuddy</groupId>
        </exclusion>
        <exclusion>
          <artifactId>objenesis</artifactId>
          <groupId>org.objenesis</groupId>
        </exclusion>
      </exclusions>
    </dependency>
  </dependencies>
  <properties>
    <maven.compiler.release>17</maven.compiler.release>
    <libgdx.version>1.11.0</libgdx.version>
    <main.class>inf112.shmup.desktop.Main</main.class>
    <slf4j.version>2.0.6</slf4j.version>
    <project.build.sourceEncoding>UTF-8</project.build.sourceEncoding>
    <junit.jupiter.version>5.9.2</junit.jupiter.version>
  </properties>
</project>
