iteration,probability
6,0
14,0
15,0
21,0
35,0
58,0
78,0
79,0
106,0.459411175372408
112,0
121,0
122,0
124,0
133,0.0000000000000000000016933088413147571
135,0
137,0
140,0
157,0
175,0.00000000000000000000000000000000000000000000000000000000000000000000000000000000000000000000000000000000000000000000000000000000000000000000000000000000000000000000000000000000000000000038348791665765164
178,0.0000000000000000000000000013047465881784885
196,0
203,0
215,0.10029418513425739
217,0
229,0
240,0
243,0
247,0
248,0
256,0.00000000000000000000000000000000000000000000000000000000000000000000000000000000000000000000000000000000000000000000000000000000000000000000000000000000000000000000000000000000000000000000000000000000000000000000000000000000000000000000000000000000000000000000000000000000000000000000000000000000000000000000015287735175463
260,0
272,0
281,0.0000000000000000000000000000000000000000000000000000000000000000000000000000000000000000000000000000000000000000000000000000000000000000000000000000000000000000000000000000000000000000000000000000000000000000000000000000000000000000000000007412645838431942
289,0.0000000000000000000000000000000000000000000000000000000000000000000000000000000000000000000000000000000000000000000000000000000000000000000000000000000000000000000000000000000000000000000000000000000000000000000000000000000000000000000000000000000000000000000000000000000000000000000000008978568519736501
292,0
319,0
330,0
332,0
339,0
348,0
350,0
384,0
411,0
422,0
472,0
486,0
502,0
515,0
525,0
554,0
556,0
578,0
582,0.0000000000000000000000000000000000000000000000000000000000000000000000000000000000000000000000000000000000000000000000000000000000000000000000000000000000000000000000000000000000000000000000000000000000000000000000000000000000000000000000000000000000010093816759599403
587,0
596,0
601,0
604,0.00000000000007173609618645234
615,0
640,0
659,0
662,0
685,0
693,0
698,0
699,0.00000000000000000000000000000000000000000000000000000000000000000000000000000000000000000000000000000000000000000000000000000000000000000000000000000000000000000000000000000000002712185126738736
700,0
708,0
742,0
756,0
760,0
772,0
774,0
801,0
811,0
824,0
827,0.2653456949573528
831,0
836,0
863,0
871,0
889,0.24930883616261362
896,0
902,0
906,0
908,0
911,0
947,0
951,0
961,0
976,0
985,0
1013,0
1039,0.8683886284305098
1042,0
1049,0.000000000000000000000000000000000000000000000000000000000000000000000000000000000000000000000000000000000000000000000000000000011795449229547837
1051,0
1061,0
1069,0.00000000000000000000000000000000000000000000000000000000000000000000000000000000000000000000000000000000000000000000000000000000014544366884315128
1072,0.8653620107823985
1081,0
1082,0
1090,0
1105,0
1136,0
1167,0
1168,0
1171,0
1176,0
1182,0
1189,0
1193,0
1194,0
1204,0
1211,0
1212,0
1214,0
1224,0
1229,0
1244,0
1257,0
1265,0.00000000000000000000000000000000000000000000000000000000000000000000000000000000000000000000000000000000000000000000000000000000000000000000000000000000000000000000000000000000000000000000000000000000000000000000000000000000000000019837288207952018
1279,0
1289,0
1296,0
1312,0
1314,0
1354,0
1378,0
1380,0
1394,0
1399,0
1408,0.13001293434761613
1414,0
1421,0
1426,0
1429,0
1431,0.000000000000000000000000000000000000000000000000000000000000000000000000000000000000000000000000000000000000000000000000000000000000000000000000000000000000000000000000000000000000000000000000000000000000000001811268940559089
1436,0.00000000000000000000000000000000000000000000000000000752586054959038
1439,0
1451,0
1468,0
1477,0
1482,0
1490,0
1494,0
1496,0
1505,0
1514,0
1528,0
1535,0
1541,0
1550,0
1559,0
1576,0
1578,0
1606,0
1617,0
1625,0
1639,0
1640,0
1643,0
1644,0
1652,0
1701,0
1705,0
1708,0
1724,0
1728,0
1740,0
1742,0
1743,0
1774,0
1778,0
1786,0
1791,0
1797,0
1798,0
1799,0
1810,0
1814,0
1830,0.000000000000000000000000000000000000000000000000000000000000000000000000000000001195288861698421
1831,0
1843,0
1848,0
1852,0
1862,0
1866,0
1877,0
1886,0
1890,0
1891,0
1893,0
1918,0
1922,0
1944,0
1949,0.0000000000000000000000000000000000000000000000007998474185820887
1968,0
1979,0
1983,0
1988,0
2005,0
2007,0.0017320368675764794
2015,0
2016,0.001659927494943823
2017,0
2035,0
2048,0
2054,0.0013827433484446831
2058,0
2065,0
2071,0
2083,0.0000000000000000000000000000000000000004952062665421739
2087,0
2092,0
2094,0
2095,0
2102,0
2107,0
2143,0
2151,0
2184,0
2205,0
2206,0
2208,0
2214,0.000000000000000000000000000000000000000000000000000000000000000000000000000000000000000000000000000000000000000000000000000000000000000000000000000000000000000000000000000000000000000000000000000000000000000000000000000000000000000000037701174814582612
2230,0
2242,0
2254,0
2258,0
2268,0
2302,0
2319,0
2327,0
2332,0
2340,0
2342,0.6904525612639539
2379,0.0000000000000000000000000011229156017169587
2393,0
2395,0
2439,0
2443,0
2447,0
2457,0
2460,0.6674868419863628
2475,0.00000000000000000000000000000000000000000000000000000000000000000000000000000000000000000000000000000000000000000000000000000000000000000000000000000000000000000000000000000000000000002403184320812064
2479,0
2504,0
2516,0
2517,0
2538,0
2539,0.00000000000000000000000000000000000000000000000000000000000000000000000000000000000000000000000000000000000000000000000000000000000000000000000000000000000000000000000000000000000000000000000000000000000000000000000000000000000000000000000000000000761321082661707
2542,0.00000000000000000000000000000025462513419282297
2557,0
2561,0
2562,0
2566,0
2612,0
2623,0
2626,0
2627,0
2646,0
2647,0
2650,0
2660,0.00000000000000000000000000000000000000000000000000000000000000000000000000000000000000000000000000000000000000000000000000000000000000000000000000000000000000000000000010558029167285057
2662,0
2663,0
2675,0
2686,0
2701,0
2709,0
2727,0
2736,0
2745,0
2774,0.00001338227812865693
2779,0
2793,0.5961278588055123
2802,0
2804,0
2807,0
2817,0.00000000000000000000000000000000000000000000000000000000000000000000000000000000000000000000000000000000000000000000000000000000000000000000000000000000000000000000000000000000000000000000015404557909400894
2823,0.0000000000000000000000000000000000000000000000000000000000000000000000000000000000000000000000000000000000000000000000000000000000000000000000000000000000000000000000000000000000000000000000000000000000000000000000000000000000000000000000000000000000000000000000000000000000000000000005041726991788776
2827,0
2828,0
2836,0
2839,0
2840,0
2843,0
2849,0
2864,0
2867,0
2870,0
2882,0
2883,0
2885,0
2890,0
2893,0
2897,0
2915,0
2923,0
2924,0
2926,0
2932,0
2938,0
2940,0
2941,0
2944,0
2946,0
2950,0
2953,0
2956,0
2959,0
2962,0
2964,0
2967,0
2969,0
2976,0
2985,0
2988,0
3001,0
3007,0
3014,0
3016,0
3019,0
3023,0
3026,0
3027,0
3037,0
3041,0
3048,0
3056,0
3071,0
3076,0
3088,0
3089,0
3104,0
3110,0
3124,0
3137,0
3141,0
3154,0
3156,0
3162,0
3164,0
3181,0
3182,0
3194,0
3202,0
3203,0
3210,0
3218,0
3229,0
3234,0
3237,0
3253,0
3263,0.48061782725904045
3267,0
3281,0
3288,0
3307,0
3319,0
3339,0
3355,0
3370,0
3377,0
3384,0
3392,0
3398,0
3401,0
3407,0
3409,0
3415,0
3432,0
3446,0
3449,0
3456,0
3474,0
3478,0
3486,0
3489,0
3502,0
3519,0
3522,0
3544,0
3555,0
3573,0.39781122786836104
3576,0
3580,0
3584,0
3612,0
3613,0.38693693835442516
3627,0.00002610752804824488
3629,0
3642,0
3646,0
3670,0
3688,0
3698,0
3702,0
3707,0
3724,0
3727,0
3745,0
3754,0
3755,0
3759,0
3773,0
3785,0
3802,0
3814,0
3847,0
3856,0
3860,0
3863,0
3867,0
3888,0
3919,0
3932,0.3004322652689937
3942,0
3946,0
3951,0
3952,0
3977,0
3987,0
4002,0
4003,0
4020,0
4075,0
4107,0
4109,0
4119,0
4125,0
4136,0
4140,0
4144,0
4147,0
4150,0
4152,0
4166,0
4177,0
4183,0
4187,0
4190,0
4217,0
4223,0
4231,0
4232,0
4252,0
4289,0
4291,0
4298,0.20660324605781488
4310,0
4318,0
4340,0.00000000000000000000000000000000000000000000000000000000000000000000000000000000000000000000000000000000000000000006923883115228883
4350,0
4358,0
4366,0
4369,0
4376,0
4383,0
4386,0
4388,0
4390,0
4392,0
4403,0
4407,0
4428,0
4446,0
4448,0
4478,0
4479,0
4484,0
4489,0
4506,0
4516,0.000000000000000001963348371503072
4520,0
4528,0
4533,0
4536,0
4545,0.0000000000000000008101678218804817
4553,0
4555,0
4561,0
4566,0
4568,0
4569,0
4571,0
4580,0
4594,0
4596,0
4604,0.000000000006793992271069109
4607,0
4612,0
4627,0
4638,0.000000000003526441138569456
4650,0
4653,0
4654,0
4660,0
4669,0
4701,0
4702,0
4703,0
4707,0
4708,0
4709,0.0000000000000000000000000000000031706423791040066
4715,0.11676858637851825
4716,0
4717,0
4727,0
4733,0
4736,0
4749,0
4753,0
4764,0
4765,0.10768144821404656
4770,0
4780,0
4783,0
4786,0
4794,0
4807,0
4813,0
4826,0
4829,0
4830,0
4831,0
4833,0
4835,0.000000000000000000000000000000000000000000000000000009847142221210534
4846,0
4855,0
4856,0
4857,0
4862,0
4864,0
4865,0
4907,0.000000000000000000000002217107053234753
4922,0
4925,0
4941,0
4944,0
4950,0
4956,0
4957,0
4963,0
4967,0
4976,0
4981,0
4985,0
4990,0
5001,0
5008,0
5039,0
5044,0
5058,0
5062,0
5070,0
5086,0
5100,0
5115,0.055685021856197885
5128,0
5136,0
5158,0
5165,0.00000000000000000000000000000000000000000000000000000000000000000000000000000000000000000000000000000000000000000028912121885107386
5170,0
5173,0
5182,0
5192,0
5200,0
5204,0
5205,0
5217,0
5218,0
5221,0
5228,0
5233,0
5241,0
5266,0
5274,0
5286,0.03770464800439314
5289,0
5292,0
5293,0
5294,0
5308,0
5312,0
5323,0
5367,0
5375,0
5387,0
5395,0
5397,0
5400,0
5402,0
5408,0
5414,0
5433,0
5441,0
5444,0
5445,0
5459,0
5503,0
5505,0.00000000000000000000000000000000000014644786470079363
5509,0
5518,0
5526,0
5531,0
5547,0
5556,0
5557,0
5566,0
5570,0
5573,0
5575,0
5582,0
5607,0
5610,0
5612,0
5632,0
5635,0
5650,0
5661,0
5670,0
5685,0
5703,0
5754,0
5768,0
5771,0
5785,0
5793,0
5805,0
5813,0
5833,0
5843,0
5844,0
5850,0
5852,0
5866,0
5872,0
5873,0.006326307354295485
5888,0
5907,0
5909,0
5918,0
5923,0
5929,0
5935,0
5937,0
5949,0
5968,0
5972,0
5979,0
5989,0
5994,0
6022,0
6023,0
6027,0
6043,0
6046,0
6057,0
6076,0
6079,0
6080,0
6103,0
6105,0
6108,0
6128,0
6129,0
6142,0
6144,0
6153,0
6158,0
6164,0
6166,0
6169,0
6171,0
6183,0
6193,0
6204,0
6207,0
6214,0
6216,0
6218,0
6241,0
6251,0
6265,0
6270,0
6271,0
6278,0
6279,0
6304,0
6312,0
6318,0
6339,0
6357,0
6362,0
6367,0
6369,0
6384,0
6397,0
6400,0
6408,0
6409,0
6411,0
6415,0
6446,0
6451,0
6467,0
6474,0
6482,0
6487,0
6496,0
6498,0
6504,0
6522,0.000278066536647974
6528,0
6545,0
6550,0
6568,0
6569,0
6574,0
6584,0
6592,0
6598,0
6622,0
6629,0
6631,0
6641,0
6648,0
6661,0
6683,0
6687,0
6689,0
6690,0
6694,0
6699,0.00000000000000000000000000000000000000000000000000000000000000000000000000000000000000000000000000000000000000000000000002412596528662844
6705,0
6709,0
6731,0
6740,0
6748,0
6750,0
6763,0
6766,0
6769,0
6787,0
6807,0
6832,0
6857,0
6875,0
6897,0
6908,0
6912,0
6919,0
6924,0
6928,0.0000000000000000000000000000000000000000000000000000000000000000000000000000000000000000000000000000000000000000000000000000000000000000000000008010292318905687
6950,0
6960,0
6982,0
6988,0
6991,0
6993,0
6995,0
6999,0
7002,0
7022,0
7052,0
7074,0
7083,0
7085,0
7092,0
7100,0
7101,0.00000000000000000000000000000000000000000000000000000000000000000000000000000000000000000000000000000000000000000000000076644979954659976
7121,0
7147,0
7157,0
7161,0
7164,0
7169,0
7181,0
7183,0.00000000000000000000000000000000000000000000000000000000000000015200989352716833
7210,0
7215,0
7226,0
7227,0
7237,0
7245,0
7274,0
7279,0
7290,0
7296,0
7299,0
7306,0
7307,0
7331,0
7336,0
7342,0
7353,0
7358,0
7359,0
7361,0
7369,0
7375,0
7378,0
7381,0
7389,0
7407,0
7425,0
7440,0
7448,0
7452,0
7467,0
7470,0
7483,0
7494,0
7495,0
7514,0
7517,0
7541,0
7544,0
7548,0
7551,0
7563,0
7583,0
7587,0
7588,0
7630,0
7642,0
7653,0
7655,0
7661,0.000000005419389798884898
7666,0
7680,0
7684,0
7688,0
7711,0
7715,0
7720,0
7721,0
7727,0
7729,0
7731,0
7744,0
7755,0
7758,0
7765,0
7783,0
7788,0
7794,0
7799,0
7806,0
7822,0
7824,0.0000000004713436975803363
7827,0
7839,0
7841,0
7844,0
7847,0
7865,0
7871,0
7931,0
7936,0
7938,0
7973,0.00000000000000000000000000000000000000000000000000000000000000000000000000000000000000000000000000000000000000000027356602861665323
7977,0
7978,0
7990,0
8006,0
8009,0
8034,0
8039,0
8053,0
8057,0
8086,0
8090,0
8097,0
8110,0
8111,0
8133,0
8145,0
8171,0
8179,0.0000000000007389461271755278
8202,0
8206,0
8211,0
8216,0
8222,0
8233,0
8234,0
8249,0
8262,0
8267,0
8273,0
8276,0
8279,0
8285,0
8303,0
8304,0
8305,0
8308,0
8334,0
8339,0
8365,0
8380,0
8401,0
8404,0
8408,0
8434,0
8464,0
8466,0
8474,0
8495,0
8499,0
8500,0
8501,0
8522,0
8525,0
8530,0
8536,0
8542,0
8553,0
8556,0
8570,0
8573,0
8575,0
8580,0
8581,0
8588,0
8599,0
8605,0
8613,0
8617,0
8619,0
8629,0
8637,0
8646,0
8656,0
8659,0
8680,0
8684,0
8714,0
8719,0.0000000000000000008004068517617703
8726,0
8736,0
8770,0
8776,0
8792,0
8793,0
8795,0
8799,0
8801,0
8818,0
8838,0
8851,0
8855,0
8857,0
8870,0
8872,0
8880,0
8889,0
8933,0
8934,0
8939,0
8954,0
8966,0
8971,0
9000,0
9016,0
9025,0
9028,0
9033,0
9038,0
9041,0.000000000000000000000010704707970449583
9098,0
9112,0
9120,0
9128,0
9131,0
9134,0
9140,0
9172,0
9188,0
9194,0
9218,0
9225,0
9253,0
9256,0
9259,0
9270,0
9271,0
9283,0
9295,0
9297,0
9307,0
9316,0
9338,0
9344,0
9346,0
9355,0
9361,0
9362,0
9363,0
9366,0
9371,0
9378,0
9393,0
9395,0
9397,0
9425,0
9430,0
9440,0
9443,0
9449,0
9456,0
9462,0
9468,0
9477,0
9480,0
9491,0
9512,0
9513,0
9520,0
9528,0
9531,0
9540,0
9541,0
9544,0
9550,0
9555,0
9562,0
9567,0
9568,0
9572,0
9575,0
9586,0
9608,0
9619,0
9622,0
9625,0
9629,0
9652,0
9675,0
9683,0
9695,0
9713,0
9718,0
9721,0
9726,0
9730,0
9732,0
9735,0
9738,0
9740,0
9756,0
9758,0
9768,0
9778,0
9779,0
9783,0
9793,0
9795,0
9796,0
9807,0
9809,0
9818,0
9819,0
9832,0
9847,0
9860,0
9870,0
9887,0
9888,0
9891,0
9892,0
